{
  "domain_labels": [
    "none",
    "RVT_1",
    "RVT_thumb",
    "RVT_connect",
    "RNase_H",
    "GIIM"
  ],
  "label_to_idx": {
    "none": 0,
    "RVT_1": 1,
    "RVT_thumb": 2,
    "RVT_connect": 3,
    "RNase_H": 4,
    "GIIM": 5
  },
  "num_classes": 6,
  "vocab_size": 22,
  "aa_to_idx": {
    "A": 0,
    "C": 1,
    "D": 2,
    "E": 3,
    "F": 4,
    "G": 5,
    "H": 6,
    "I": 7,
    "K": 8,
    "L": 9,
    "M": 10,
    "N": 11,
    "P": 12,
    "Q": 13,
    "R": 14,
    "S": 15,
    "T": 16,
    "V": 17,
    "W": 18,
    "Y": 19
  },
  "pad_idx": 21,
  "unk_idx": 20,
  "pad_label_idx": -100,
  "class_weights": {
    "0": 0.08203762788398293,
    "1": 0.09808066708348939,
    "2": 0.38179609641888695,
    "3": 1.9265449514212116,
    "4": 1.2535510905623841,
    "5": 2.2579895666300445
  },
  "n_train": 1836,
  "n_val": 318
}